1,Jennifer Montgomery,jmontgomery0@gizmodo.com,false
2,Wayne Russell,wrussell1@so-net.ne.jp,true
3,Shawn Jenkins,sjenkins2@mac.com,true
4,Michelle Richards,mrichards3@msu.edu,true
5,Martin Freeman,mfreeman4@ehow.com,false
6,Joan Holmes,jholmes5@amazonaws.com,true
7,Douglas Boyd,dboyd6@geocities.jp,false
8,Jennifer Holmes,jholmes7@bloglines.com,false
9,Earl Fuller,efuller8@nature.com,true
10,Patrick Chapman,pchapman9@canalblog.com,false
11,Martin Watson,mwatsona@ustream.tv,true
12,Anthony Bradley,abradleyb@icq.com,false
13,Deborah Garrett,dgarrettc@shutterfly.com,false
14,Kenneth Cook,kcookd@symantec.com,true
15,Victor Moore,vmooree@bloglovin.com,true
16,Charles Spencer,cspencerf@alexa.com,false
17,Jason Fields,jfieldsg@miitbeian.gov.cn,true
18,Daniel Kim,dkimh@linkedin.com,true
19,Roger Reynolds,rreynoldsi@intel.com,false
20,Joan Garza,jgarzaj@multiply.com,true
21,Kenneth Frazier,kfrazierk@linkedin.com,false
22,Ashley Fernandez,afernandezl@msu.edu,false
23,Tina Cook,tcookm@ed.gov,true
24,Karen Hughes,khughesn@chron.com,false
25,John Spencer,jspencero@elpais.com,true
26,Virginia Jenkins,vjenkinsp@zdnet.com,true
27,Clarence Marshall,cmarshallq@mapy.cz,false
28,Jason Sanchez,jsanchezr@acquirethisname.com,true
29,Jeremy Jackson,jjacksons@arizona.edu,true
30,Evelyn Hudson,ehudsont@tiny.cc,true
31,Bruce Cole,bcoleu@freewebs.com,false
32,Debra Ross,drossv@fc2.com,true
33,Kimberly Wells,kwellsw@ameblo.jp,true
34,Juan Diaz,jdiazx@devhub.com,true
35,James Kennedy,jkennedyy@reuters.com,false
36,Donald Perry,dperryz@shinystat.com,false
37,Paul Rogers,progers10@hc360.com,false
38,Dorothy Watkins,dwatkins11@hp.com,true
39,Phillip Lynch,plynch12@flickr.com,false
40,Walter Flores,wflores13@twitter.com,false
41,Patrick Bennett,pbennett14@blogspot.com,false
42,Jacqueline Brown,jbrown15@themeforest.net,true
43,Jerry Fisher,jfisher16@lulu.com,false
44,Louis Kelley,lkelley17@shareasale.com,false
45,Kevin Carter,kcarter18@amazonaws.com,true
46,Lori Bradley,lbradley19@squidoo.com,true
47,William Garrett,wgarrett1a@go.com,true
48,Adam Nichols,anichols1b@altervista.org,false
49,Jerry James,jjames1c@imageshack.us,true
50,Gloria Carpenter,gcarpenter1d@whitehouse.gov,false
51,Christina Lopez,clopez1e@chronoengine.com,true
52,Johnny James,jjames1f@chicagotribune.com,true
53,Keith Lynch,klynch1g@businessweek.com,false
54,Kelly Green,kgreen1h@i2i.jp,true
55,Louis Hawkins,lhawkins1i@surveymonkey.com,true
56,Rebecca Montgomery,rmontgomery1j@typepad.com,true
57,Stephen Kelly,skelly1k@addtoany.com,true
58,Arthur Turner,aturner1l@sun.com,true
59,Ryan Robertson,rrobertson1m@webeden.co.uk,true
60,Lori Montgomery,lmontgomery1n@google.com.au,false
61,Anne Hudson,ahudson1o@webs.com,false
62,Judy Watkins,jwatkins1p@live.com,false
63,Christopher Patterson,cpatterson1q@flickr.com,true
64,Alice Thomas,athomas1r@4shared.com,true
65,Louis Kennedy,lkennedy1s@whitehouse.gov,false
66,Roy Frazier,rfrazier1t@ebay.com,true
67,Thomas Ellis,tellis1u@technorati.com,true
68,George Ortiz,gortiz1v@seattletimes.com,true
69,Jose Henry,jhenry1w@plala.or.jp,false
70,Sarah Hunter,shunter1x@alibaba.com,true
71,Brandon Marshall,bmarshall1y@fema.gov,true
72,Tina Wood,twood1z@woothemes.com,false
73,Michelle Hill,mhill20@mac.com,false
74,Carlos Johnson,cjohnson21@youtu.be,true
75,Christopher Lawrence,clawrence22@posterous.com,false
76,James Wallace,jwallace23@geocities.com,false
77,Tammy Johnston,tjohnston24@hp.com,false
78,Steven Henderson,shenderson25@barnesandnoble.com,true
79,Pamela Hunt,phunt26@bravesites.com,true
80,Raymond Ellis,rellis27@tumblr.com,true
81,Jerry Fowler,jfowler28@deviantart.com,false
82,Denise Fisher,dfisher29@homestead.com,false
83,Christina Reyes,creyes2a@seesaa.net,false
84,Sarah Berry,sberry2b@wordpress.org,false
85,Norma Bailey,nbailey2c@google.com,false
86,Andrew Romero,aromero2d@fema.gov,true
87,Ernest Chavez,echavez2e@sphinn.com,false
88,Ruth Crawford,rcrawford2f@hp.com,true
89,Walter Brooks,wbrooks2g@umn.edu,true
90,Nicole Bennett,nbennett2h@eventbrite.com,false
91,Jose Baker,jbaker2i@cbslocal.com,true
92,Harold White,hwhite2j@state.tx.us,false
93,Carolyn Porter,cporter2k@businessinsider.com,false
94,Janet Butler,jbutler2l@amazonaws.com,true
95,Ernest Lawson,elawson2m@apple.com,false
96,Jack Wilson,jwilson2n@newsvine.com,true
97,Denise Wells,dwells2o@goodreads.com,true
98,Aaron Warren,awarren2p@google.fr,true
99,William Alexander,walexander2q@furl.net,true
100,Carol Butler,cbutler2r@deviantart.com,false
101,Katherine Snyder,ksnyder2s@deliciousdays.com,true
102,Susan Kelly,skelly2t@noaa.gov,true
103,Doris Gutierrez,dgutierrez2u@google.com.br,true
104,Cheryl Cunningham,ccunningham2v@narod.ru,true
105,Louise Myers,lmyers2w@paginegialle.it,true
106,Edward Russell,erussell2x@adobe.com,false
107,Douglas Hart,dhart2y@nasa.gov,false
108,Paula Crawford,pcrawford2z@a8.net,false
109,Helen Franklin,hfranklin30@purevolume.com,false
110,Edward Snyder,esnyder31@cisco.com,true
111,Fred Romero,fromero32@g.co,false
112,Chris Perry,cperry33@discuz.net,true
113,Russell Shaw,rshaw34@si.edu,true
114,Ruby Boyd,rboyd35@whitehouse.gov,false
115,Virginia Mason,vmason36@shutterfly.com,true
116,Nicholas Fuller,nfuller37@noaa.gov,true
117,Annie Spencer,aspencer38@dion.ne.jp,false
118,Gregory Hansen,ghansen39@lycos.com,false
119,Philip Jordan,pjordan3a@imageshack.us,true
120,Jane Holmes,jholmes3b@woothemes.com,false
121,Linda Burns,lburns3c@amazonaws.com,false
122,Debra Hayes,dhayes3d@bbb.org,false
123,Roger Ferguson,rferguson3e@uiuc.edu,true
124,Brian Palmer,bpalmer3f@marketwatch.com,false
125,Joshua Barnes,jbarnes3g@123-reg.co.uk,true
126,Pamela Green,pgreen3h@slideshare.net,false
127,Mildred Hamilton,mhamilton3i@epa.gov,true
128,Arthur Smith,asmith3j@ihg.com,false
129,Tina Williamson,twilliamson3k@businessinsider.com,false
130,Sara James,sjames3l@globo.com,true
131,Sara Wallace,swallace3m@yahoo.co.jp,true
132,Nancy Gonzalez,ngonzalez3n@reuters.com,true
133,Martin King,mking3o@twitter.com,false
134,Frances Mcdonald,fmcdonald3p@reuters.com,false
135,Charles Adams,cadams3q@kickstarter.com,true
136,Linda Edwards,ledwards3r@slate.com,false
137,Marilyn Rogers,mrogers3s@bloglines.com,true
138,Dennis Graham,dgraham3t@uiuc.edu,true
139,Gloria Walker,gwalker3u@redcross.org,false
140,Gloria Franklin,gfranklin3v@engadget.com,false
141,Jeremy Foster,jfoster3w@phpbb.com,false
142,Diane Collins,dcollins3x@usnews.com,true
143,Jimmy Kim,jkim3y@bloomberg.com,false
144,Mildred Gibson,mgibson3z@digg.com,true
145,Karen Wright,kwright40@netlog.com,false
146,Chris Jones,cjones41@google.com.br,true
147,Helen Knight,hknight42@yahoo.com,false
148,Sharon Watson,swatson43@pcworld.com,true
149,Johnny Hawkins,jhawkins44@cisco.com,false
150,Denise Daniels,ddaniels45@state.gov,true
151,Craig Tucker,ctucker46@e-recht24.de,true
152,Earl Brown,ebrown47@studiopress.com,false
153,Ralph Roberts,rroberts48@wikia.com,false
154,Thomas Morgan,tmorgan49@slashdot.org,false
155,Eric Franklin,efranklin4a@constantcontact.com,false
156,Jonathan Hernandez,jhernandez4b@about.com,false
157,Janet Henry,jhenry4c@cdbaby.com,true
158,Wanda Murphy,wmurphy4d@ftc.gov,false
159,Carlos Phillips,cphillips4e@seesaa.net,true
160,Lisa Burke,lburke4f@berkeley.edu,false
161,Sean Lee,slee4g@wisc.edu,false
162,Rose Alvarez,ralvarez4h@example.com,false
163,Albert Gardner,agardner4i@illinois.edu,true
164,Jennifer Cook,jcook4j@hugedomains.com,false
165,Henry Duncan,hduncan4k@geocities.jp,true
166,Chris Martinez,cmartinez4l@arstechnica.com,false
167,James Nelson,jnelson4m@freewebs.com,true
168,Adam Reyes,areyes4n@apache.org,false
169,Jeremy Hawkins,jhawkins4o@studiopress.com,false
170,Carlos Larson,clarson4p@nydailynews.com,true
171,Adam Bradley,abradley4q@moonfruit.com,false
172,Jason Bennett,jbennett4r@newyorker.com,false
173,Ralph Barnes,rbarnes4s@cargocollective.com,true
174,Nicole Turner,nturner4t@pcworld.com,true
175,Sara Ortiz,sortiz4u@imageshack.us,false
176,Emily Gomez,egomez4v@amazon.com,true
177,Frances Harper,fharper4w@disqus.com,true
178,Annie Moreno,amoreno4x@sphinn.com,false
179,Margaret Graham,mgraham4y@angelfire.com,false
180,Stephen Roberts,sroberts4z@nydailynews.com,false
181,Anna Gordon,agordon50@is.gd,false
182,Paul Roberts,proberts51@typepad.com,false
183,Pamela Little,plittle52@slashdot.org,false
184,Lillian Tucker,ltucker53@nytimes.com,false
185,Albert Rogers,arogers54@reuters.com,false
186,Phyllis Woods,pwoods55@ucoz.ru,true
187,Karen King,kking56@artisteer.com,false
188,Denise Reed,dreed57@sina.com.cn,false
189,Helen Palmer,hpalmer58@blog.com,true
190,Adam Cook,acook59@army.mil,true
191,Catherine Cooper,ccooper5a@skyrock.com,false
192,Charles Ramos,cramos5b@google.com.hk,false
193,Samuel Simmons,ssimmons5c@networksolutions.com,false
194,Frank Arnold,farnold5d@ycombinator.com,false
195,Angela Washington,awashington5e@earthlink.net,false
196,Shirley Graham,sgraham5f@illinois.edu,false
197,Emily Andrews,eandrews5g@printfriendly.com,false
198,Evelyn Johnston,ejohnston5h@cyberchimps.com,false
199,Jose Ford,jford5i@exblog.jp,false
200,Amy Vasquez,avasquez5j@topsy.com,true
201,Raymond Gardner,rgardner5k@deviantart.com,false
202,Frank Wilson,fwilson5l@virginia.edu,true
203,Ryan Armstrong,rarmstrong5m@cnet.com,true
204,Evelyn Clark,eclark5n@webeden.co.uk,false
205,Alan Hernandez,ahernandez5o@imdb.com,false
206,Janet Larson,jlarson5p@moonfruit.com,false
207,Jesse Pierce,jpierce5q@utexas.edu,true
208,Marilyn Gonzales,mgonzales5r@newsvine.com,false
209,Shirley Lawrence,slawrence5s@amazon.co.jp,true
210,Ralph Harrison,rharrison5t@mayoclinic.com,true
211,Albert Diaz,adiaz5u@google.de,false
212,Eugene Spencer,espencer5v@histats.com,false
213,Patrick Payne,ppayne5w@shutterfly.com,true
214,Marilyn Ellis,mellis5x@creativecommons.org,true
215,David Ward,dward5y@qq.com,false
216,Joyce Payne,jpayne5z@ebay.co.uk,false
217,Matthew Franklin,mfranklin60@ucoz.ru,false
218,Sarah Hunter,shunter61@bloglines.com,false
219,Carolyn Moore,cmoore62@bloglovin.com,false
220,Craig Robertson,crobertson63@scribd.com,false
221,Sandra Edwards,sedwards64@theglobeandmail.com,false
222,Judith Sanders,jsanders65@i2i.jp,true
223,Mildred Carroll,mcarroll66@shinystat.com,false
224,Tina Armstrong,tarmstrong67@imgur.com,false
225,Linda Gordon,lgordon68@w3.org,false
226,Laura Mills,lmills69@auda.org.au,false
227,Irene Kelly,ikelly6a@imdb.com,true
228,Angela Wright,awright6b@china.com.cn,false
229,Marie Rice,mrice6c@dailymail.co.uk,false
230,Annie Butler,abutler6d@hc360.com,true
231,Deborah Alvarez,dalvarez6e@example.com,true
232,Adam Butler,abutler6f@disqus.com,false
233,Charles Turner,cturner6g@psu.edu,true
234,Carol Watson,cwatson6h@cargocollective.com,false
235,Willie Oliver,woliver6i@guardian.co.uk,false
236,Todd Cook,tcook6j@dedecms.com,true
237,Karen Gutierrez,kgutierrez6k@engadget.com,false
238,Kelly Hall,khall6l@yale.edu,false
239,Margaret Gordon,mgordon6m@nature.com,true
240,Arthur Porter,aporter6n@istockphoto.com,false
241,Jack Parker,jparker6o@timesonline.co.uk,false
242,Terry Vasquez,tvasquez6p@google.co.uk,true
243,Juan Owens,jowens6q@wikia.com,true
244,Lisa Greene,lgreene6r@addtoany.com,false
245,Fred Lawson,flawson6s@toplist.cz,true
246,Diana Hernandez,dhernandez6t@sphinn.com,false
247,Katherine Chapman,kchapman6u@smh.com.au,true
248,Harold Schmidt,hschmidt6v@flavors.me,true
249,Mary Bell,mbell6w@ft.com,false
250,Kathleen Carroll,kcarroll6x@guardian.co.uk,false
251,Jose Perry,jperry6y@tuttocitta.it,false
252,Diane White,dwhite6z@bloglovin.com,true
253,Irene Montgomery,imontgomery70@privacy.gov.au,true
254,Billy Allen,ballen71@cmu.edu,true
255,Victor Berry,vberry72@netvibes.com,true
256,Rebecca Ferguson,rferguson73@ycombinator.com,false
257,Eugene Day,eday74@goo.ne.jp,true
258,Stephanie Griffin,sgriffin75@nymag.com,true
259,Diana Carr,dcarr76@fastcompany.com,true
260,Bonnie Simpson,bsimpson77@ucla.edu,true
261,Joan Berry,jberry78@gnu.org,true
262,Lisa Mccoy,lmccoy79@washington.edu,false
263,Carolyn Henderson,chenderson7a@plala.or.jp,true
264,Juan Spencer,jspencer7b@salon.com,true
265,Earl Morris,emorris7c@dmoz.org,false
266,Aaron Davis,adavis7d@a8.net,false
267,Robin Martinez,rmartinez7e@hp.com,false
268,Roger Hamilton,rhamilton7f@google.es,true
269,Robert Howard,rhoward7g@wisc.edu,false
270,Frances Moreno,fmoreno7h@addtoany.com,false
271,John Mcdonald,jmcdonald7i@acquirethisname.com,true
272,Terry Stone,tstone7j@devhub.com,true
273,Pamela Montgomery,pmontgomery7k@flavors.me,true
274,Gary Dean,gdean7l@gmpg.org,false
275,Lillian Young,lyoung7m@comcast.net,true
276,Shirley Sanders,ssanders7n@woothemes.com,true
277,Jack Diaz,jdiaz7o@adobe.com,false
278,Jose Henry,jhenry7p@washington.edu,true
279,Richard Parker,rparker7q@answers.com,false
280,Kathy Morris,kmorris7r@washingtonpost.com,true
281,Eric Brooks,ebrooks7s@amazon.co.uk,false
282,Anne Peterson,apeterson7t@cbsnews.com,false
283,Susan Sullivan,ssullivan7u@bloglovin.com,false
284,Ruth Webb,rwebb7v@fc2.com,true
285,Kathy Gardner,kgardner7w@plala.or.jp,true
286,Stephen Knight,sknight7x@walmart.com,false
287,Pamela Garcia,pgarcia7y@angelfire.com,true
288,Beverly Carter,bcarter7z@globo.com,false
289,Victor Campbell,vcampbell80@cdc.gov,false
290,Lisa Simpson,lsimpson81@amazonaws.com,false
291,Christine Hansen,chansen82@mysql.com,true
292,Daniel Woods,dwoods83@webs.com,false
293,Samuel Cole,scole84@si.edu,true
294,Aaron Hunter,ahunter85@altervista.org,false
295,Lois Weaver,lweaver86@nytimes.com,true
296,Nicholas Gonzalez,ngonzalez87@arstechnica.com,true
297,Jane Woods,jwoods88@theguardian.com,false
298,Jerry Myers,jmyers89@mit.edu,true
299,Albert Payne,apayne8a@wikipedia.org,false
300,Russell Willis,rwillis8b@elpais.com,true
301,Benjamin Young,byoung8c@java.com,false
302,Tammy Robinson,trobinson8d@census.gov,true
303,Charles Parker,cparker8e@theatlantic.com,true
304,Phyllis Ford,pford8f@photobucket.com,true
305,Ruth Morrison,rmorrison8g@thetimes.co.uk,false
306,Nancy Turner,nturner8h@springer.com,true
307,Gloria Evans,gevans8i@toplist.cz,true
308,Arthur Cunningham,acunningham8j@ebay.co.uk,true
309,Joshua Hamilton,jhamilton8k@wikipedia.org,true
310,Louise Johnston,ljohnston8l@intel.com,true
311,George Ellis,gellis8m@youku.com,true
312,David Brown,dbrown8n@washingtonpost.com,true
313,Roy Arnold,rarnold8o@smh.com.au,true
314,Kevin Jones,kjones8p@slideshare.net,true
315,Gerald Rivera,grivera8q@furl.net,true
316,Lawrence Bowman,lbowman8r@nature.com,true
317,Chris Chavez,cchavez8s@uiuc.edu,true
318,Mildred Nelson,mnelson8t@yellowbook.com,true
319,Ashley Moreno,amoreno8u@google.es,true
320,Mary Lawson,mlawson8v@apple.com,true
321,Patrick Spencer,pspencer8w@yellowbook.com,false
322,Adam Kelly,akelly8x@ameblo.jp,true
323,Cheryl Kennedy,ckennedy8y@pbs.org,false
324,Anne Fernandez,afernandez8z@moonfruit.com,false
325,Peter Marshall,pmarshall90@nbcnews.com,false
326,Rachel Hudson,rhudson91@businesswire.com,false
327,Annie Butler,abutler92@parallels.com,false
328,Christine Martinez,cmartinez93@moonfruit.com,true
329,Debra Brown,dbrown94@google.ca,false
330,Beverly Watson,bwatson95@wired.com,false
331,Jean Bailey,jbailey96@devhub.com,true
332,Michael Hart,mhart97@elegantthemes.com,true
333,Marilyn Fernandez,mfernandez98@icio.us,true
334,Janice Diaz,jdiaz99@qq.com,true
335,Victor Palmer,vpalmer9a@nhs.uk,false
336,Melissa Nichols,mnichols9b@blogs.com,true
337,James Daniels,jdaniels9c@artisteer.com,true
338,Lawrence Robinson,lrobinson9d@nymag.com,true
339,Cheryl Mcdonald,cmcdonald9e@e-recht24.de,false
340,Carol Moore,cmoore9f@intel.com,false
341,Andrew Ortiz,aortiz9g@ow.ly,false
342,Peter Marshall,pmarshall9h@360.cn,true
343,Samuel Medina,smedina9i@scientificamerican.com,true
344,Rachel Stevens,rstevens9j@apple.com,true
345,John Gilbert,jgilbert9k@va.gov,true
346,Jeffrey Phillips,jphillips9l@reddit.com,false
347,Joe Schmidt,jschmidt9m@ucsd.edu,false
348,Marie Gomez,mgomez9n@twitter.com,true
349,Martin Davis,mdavis9o@salon.com,false
350,Angela Rogers,arogers9p@blogspot.com,true
351,Timothy Ramos,tramos9q@washington.edu,true
352,Marilyn Hansen,mhansen9r@ezinearticles.com,false
353,Roger Washington,rwashington9s@cocolog-nifty.com,true
354,Debra Allen,dallen9t@statcounter.com,true
355,Shawn Jacobs,sjacobs9u@bbc.co.uk,false
356,Shirley Rivera,srivera9v@elegantthemes.com,true
357,Alice Graham,agraham9w@hatena.ne.jp,true
358,Jean Morgan,jmorgan9x@vinaora.com,false
359,Margaret Hart,mhart9y@yale.edu,true
360,Nicole Franklin,nfranklin9z@slate.com,true
361,Kathleen Gardner,kgardnera0@apache.org,true
362,Karen Morgan,kmorgana1@gov.uk,true
363,Kenneth Wallace,kwallacea2@pcworld.com,true
364,Anna Turner,aturnera3@wikimedia.org,true
365,Richard Jacobs,rjacobsa4@howstuffworks.com,true
366,Amy Anderson,aandersona5@cdbaby.com,false
367,Jason Murphy,jmurphya6@discovery.com,true
368,Victor Mccoy,vmccoya7@virginia.edu,false
369,Teresa Burke,tburkea8@reuters.com,false
370,Maria Harrison,mharrisona9@addthis.com,false
371,Laura Johnson,ljohnsonaa@cnn.com,true
372,Katherine Wells,kwellsab@foxnews.com,true
373,Jerry Garcia,jgarciaac@amazon.com,false
374,Eric Reynolds,ereynoldsad@businessinsider.com,true
375,Todd Foster,tfosterae@engadget.com,false
376,Douglas Carr,dcarraf@twitpic.com,true
377,Eugene King,ekingag@squarespace.com,true
378,Anna Bell,abellah@slashdot.org,true
379,Jack Griffin,jgriffinai@scribd.com,true
380,Edward Lopez,elopezaj@photobucket.com,true
381,Juan Hall,jhallak@bbb.org,true
382,Karen Garrett,kgarrettal@addthis.com,false
383,Sharon Fields,sfieldsam@phoca.cz,false
384,Irene Stewart,istewartan@senate.gov,false
385,Rebecca Baker,rbakerao@salon.com,false
386,Tammy Nelson,tnelsonap@i2i.jp,false
387,Marie Lawrence,mlawrenceaq@admin.ch,true
388,Sandra Hunter,shunterar@angelfire.com,true
389,Helen Evans,hevansas@stumbleupon.com,true
390,Joan Lynch,jlynchat@goo.ne.jp,true
391,Ruth Martin,rmartinau@purevolume.com,false
392,Cheryl Jackson,cjacksonav@constantcontact.com,true
393,Nicholas Lewis,nlewisaw@europa.eu,true
394,Jessica Myers,jmyersax@jigsy.com,false
395,Lillian Alexander,lalexanderay@mail.ru,true
396,Martha Gilbert,mgilbertaz@sciencedaily.com,true
397,Adam Tucker,atuckerb0@goodreads.com,false
398,Christine Wright,cwrightb1@stumbleupon.com,true
399,Betty Sullivan,bsullivanb2@netscape.com,true
400,Michelle Cox,mcoxb3@ox.ac.uk,false
401,Ernest Spencer,espencerb4@qq.com,false
402,Benjamin Hayes,bhayesb5@imdb.com,true
403,Eugene Wheeler,ewheelerb6@reference.com,true
404,Craig Payne,cpayneb7@economist.com,false
405,Jack Patterson,jpattersonb8@ihg.com,false
406,Kelly Bennett,kbennettb9@gmpg.org,false
407,Susan Price,spriceba@upenn.edu,false
408,Paul George,pgeorgebb@symantec.com,true
409,Carol Graham,cgrahambc@ycombinator.com,true
410,Pamela Willis,pwillisbd@feedburner.com,false
411,Terry Allen,tallenbe@statcounter.com,false
412,Terry Fuller,tfullerbf@pagesperso-orange.fr,true
413,Brenda Reyes,breyesbg@furl.net,true
414,Jeremy Garza,jgarzabh@t-online.de,false
415,Shawn Hill,shillbi@about.com,true
416,Douglas Rice,dricebj@nih.gov,false
417,Doris Hamilton,dhamiltonbk@ucoz.ru,false
418,Donald Medina,dmedinabl@sina.com.cn,true
419,Janet Shaw,jshawbm@discuz.net,false
420,Joshua Wood,jwoodbn@google.ca,true
421,Brandon Harris,bharrisbo@parallels.com,false
422,Donald Snyder,dsnyderbp@cafepress.com,false
423,Joseph Gomez,jgomezbq@ca.gov,false
424,Patricia Price,ppricebr@auda.org.au,false
425,Jennifer Arnold,jarnoldbs@umn.edu,true
426,Anthony Butler,abutlerbt@usatoday.com,false
427,Doris Bell,dbellbu@addtoany.com,true
428,Virginia Gardner,vgardnerbv@msn.com,true
429,Harold Matthews,hmatthewsbw@symantec.com,true
430,Thomas Gibson,tgibsonbx@squarespace.com,true
431,Kevin Fowler,kfowlerby@privacy.gov.au,false
432,Joe Bishop,jbishopbz@joomla.org,false
433,Ryan Olson,rolsonc0@51.la,false
434,Judith Frazier,jfrazierc1@cdbaby.com,true
435,Sean Marshall,smarshallc2@sina.com.cn,true
436,Johnny Rogers,jrogersc3@ucoz.ru,true
437,Ernest Davis,edavisc4@msn.com,false
438,Marie Rose,mrosec5@salon.com,true
439,Christopher Baker,cbakerc6@posterous.com,false
440,Jesse Butler,jbutlerc7@examiner.com,false
441,Anthony Chavez,achavezc8@webeden.co.uk,true
442,Antonio Thomas,athomasc9@disqus.com,true
443,Diana Willis,dwillisca@purevolume.com,false
444,Tammy Woods,twoodscb@delicious.com,false
445,Arthur Nelson,anelsoncc@state.gov,true
446,Lori Carpenter,lcarpentercd@google.cn,true
447,Billy Jordan,bjordance@slashdot.org,true
448,Terry Johnson,tjohnsoncf@rakuten.co.jp,false
449,Joseph Cook,jcookcg@edublogs.org,true
450,Jerry Mccoy,jmccoych@princeton.edu,false
451,Joseph Knight,jknightci@scientificamerican.com,true
452,Matthew Ramirez,mramirezcj@wordpress.org,true
453,Raymond Foster,rfosterck@networksolutions.com,false
454,Juan Fields,jfieldscl@foxnews.com,false
455,Roger Powell,rpowellcm@vinaora.com,false
456,Henry Walker,hwalkercn@ask.com,false
457,Carol Howard,chowardco@marketwatch.com,false
458,Terry Williams,twilliamscp@imageshack.us,false
459,Melissa Ramirez,mramirezcq@eepurl.com,true
460,Roger Medina,rmedinacr@google.com.hk,true
461,Aaron Kim,akimcs@live.com,true
462,Heather Olson,holsonct@soundcloud.com,false
463,Emily Payne,epaynecu@weather.com,false
464,Karen Perry,kperrycv@meetup.com,true
465,Bruce Simpson,bsimpsoncw@pcworld.com,false
466,Annie Hughes,ahughescx@prlog.org,false
467,Jose Grant,jgrantcy@ihg.com,true
468,Harry Hernandez,hhernandezcz@nhs.uk,true
469,Craig Taylor,ctaylord0@hexun.com,true
470,Jimmy Olson,jolsond1@ocn.ne.jp,false
471,Marie Chavez,mchavezd2@storify.com,false
472,Billy Brown,bbrownd3@nhs.uk,false
473,Mary Hanson,mhansond4@businessinsider.com,false
474,Thomas Payne,tpayned5@hao123.com,true
475,Angela Gardner,agardnerd6@blogspot.com,false
476,Nicholas Butler,nbutlerd7@utexas.edu,true
477,Donald Alvarez,dalvarezd8@pagesperso-orange.fr,false
478,Paula Daniels,pdanielsd9@g.co,true
479,Shawn Reed,sreedda@theatlantic.com,false
480,Elizabeth Watkins,ewatkinsdb@samsung.com,false
481,Diane Scott,dscottdc@scribd.com,false
482,Joshua Hart,jhartdd@dailymail.co.uk,true
483,Frances Morgan,fmorgande@google.de,true
484,Keith Martinez,kmartinezdf@umich.edu,false
485,Kelly Kelly,kkellydg@apache.org,true
486,Laura Jordan,ljordandh@discovery.com,false
487,Janet Martin,jmartindi@smugmug.com,false
488,Richard Griffin,rgriffindj@hexun.com,false
489,Roger Taylor,rtaylordk@arstechnica.com,false
490,Rebecca Ellis,rellisdl@dmoz.org,true
491,Theresa Jacobs,tjacobsdm@plala.or.jp,true
492,Shirley Martin,smartindn@ask.com,true
493,Ashley Sims,asimsdo@nydailynews.com,true
494,Kimberly Lawrence,klawrencedp@google.ru,false
495,Carol Gonzales,cgonzalesdq@feedburner.com,false
496,Stephanie Henderson,shendersondr@digg.com,true
497,Jeremy Richards,jrichardsds@narod.ru,false
498,Alan Bradley,abradleydt@weebly.com,true
499,Michael Black,mblackdu@behance.net,true
500,Carolyn Crawford,ccrawforddv@nydailynews.com,false
501,Kevin Banks,kbanksdw@spotify.com,true
502,Douglas Cunningham,dcunninghamdx@tuttocitta.it,false
503,Howard Ford,hforddy@accuweather.com,false
504,Janice Montgomery,jmontgomerydz@scientificamerican.com,false
505,Judith Gomez,jgomeze0@liveinternet.ru,false
506,Peter Carr,pcarre1@dyndns.org,true
507,Kathleen Holmes,kholmese2@geocities.jp,false
508,Charles Black,cblacke3@examiner.com,true
509,Robert Johnston,rjohnstone4@csmonitor.com,false
510,Amanda Freeman,afreemane5@multiply.com,false
511,Joan Carter,jcartere6@jiathis.com,true
512,Joan Burke,jburkee7@engadget.com,false
513,Beverly Perry,bperrye8@trellian.com,false
514,Rebecca Fuller,rfullere9@spiegel.de,false
515,Frank Ford,ffordea@infoseek.co.jp,false
516,Julie Bailey,jbaileyeb@ustream.tv,true
517,Maria Gardner,mgardnerec@1und1.de,true
518,Christina Weaver,cweavered@cbslocal.com,true
519,Gloria Ramirez,gramirezee@bluehost.com,true
520,Steve Phillips,sphillipsef@sohu.com,false
521,Jose Martin,jmartineg@yellowpages.com,false
522,Ruth Ford,rfordeh@domainmarket.com,false
523,Donna Parker,dparkerei@nature.com,false
524,Beverly Owens,bowensej@symantec.com,false
525,Jerry Baker,jbakerek@1688.com,false
526,Carol Bowman,cbowmanel@thetimes.co.uk,false
527,Eugene Fisher,efisherem@topsy.com,true
528,Joshua Reyes,jreyesen@g.co,true
529,Gregory Mason,gmasoneo@google.com.hk,false
530,Roger Chavez,rchavezep@china.com.cn,false
531,Joyce Jenkins,jjenkinseq@tuttocitta.it,true
532,Annie Morgan,amorganer@dedecms.com,true
533,Cheryl Roberts,crobertses@tiny.cc,true
534,Tammy Alvarez,talvarezet@go.com,false
535,Joshua Henry,jhenryeu@xinhuanet.com,false
536,Carol Carr,ccarrev@spotify.com,false
537,Amanda Anderson,aandersonew@tmall.com,false
538,Jesse Harrison,jharrisonex@newsvine.com,true
539,Adam Cooper,acooperey@w3.org,false
540,Diana Long,dlongez@berkeley.edu,true
541,Daniel Gomez,dgomezf0@cbslocal.com,true
542,Walter Miller,wmillerf1@liveinternet.ru,false
543,Margaret Perry,mperryf2@amazon.com,true
544,Robin Jones,rjonesf3@alibaba.com,true
545,Shirley Clark,sclarkf4@dell.com,true
546,Jacqueline Rodriguez,jrodriguezf5@eventbrite.com,false
547,Justin Jordan,jjordanf6@walmart.com,true
548,Mark Adams,madamsf7@liveinternet.ru,false
549,Eric Hamilton,ehamiltonf8@bing.com,false
550,Carlos Hall,challf9@pen.io,false
551,Victor Rice,vricefa@bing.com,false
552,Anna Ellis,aellisfb@jiathis.com,true
553,Teresa Day,tdayfc@stumbleupon.com,true
554,Daniel Morrison,dmorrisonfd@blogspot.com,true
555,Nicholas Ellis,nellisfe@indiatimes.com,false
556,Andrea Carter,acarterff@newyorker.com,true
557,Joe Bell,jbellfg@linkedin.com,true
558,Irene Knight,iknightfh@cnet.com,false
559,Donald Martinez,dmartinezfi@taobao.com,true
560,Raymond Stephens,rstephensfj@sogou.com,false
561,Daniel Payne,dpaynefk@multiply.com,false
562,Ann Howell,ahowellfl@eventbrite.com,true
563,Anthony Mitchell,amitchellfm@paypal.com,true
564,Howard Morrison,hmorrisonfn@skyrock.com,false
565,Nicholas Carr,ncarrfo@e-recht24.de,true
566,John Crawford,jcrawfordfp@engadget.com,true
567,Michael Washington,mwashingtonfq@bloomberg.com,true
568,Thomas Fox,tfoxfr@soup.io,false
569,Bruce Ford,bfordfs@indiegogo.com,true
570,Arthur Kelly,akellyft@dedecms.com,true
571,Jeremy Rodriguez,jrodriguezfu@barnesandnoble.com,true
572,Kathleen Andrews,kandrewsfv@google.nl,false
573,Janet Nelson,jnelsonfw@loc.gov,false
574,Ann Coleman,acolemanfx@reference.com,false
575,Anna Hamilton,ahamiltonfy@example.com,false
576,Margaret Powell,mpowellfz@furl.net,false
577,Diana Wells,dwellsg0@skyrock.com,false
578,Maria Welch,mwelchg1@ebay.com,true
579,Mark Hill,mhillg2@bloomberg.com,true
580,Louis Griffin,lgriffing3@dedecms.com,false
581,Teresa Marshall,tmarshallg4@blog.com,false
582,Ann Ramos,aramosg5@usa.gov,true
583,Andrea Tucker,atuckerg6@redcross.org,true
584,Roger Price,rpriceg7@wikipedia.org,true
585,Jeffrey Fields,jfieldsg8@posterous.com,false
586,Katherine Gordon,kgordong9@geocities.com,true
587,Helen Ramos,hramosga@wiley.com,false
588,Jacqueline Peterson,jpetersongb@alibaba.com,true
589,Shirley Perez,sperezgc@sina.com.cn,true
590,Lawrence Bradley,lbradleygd@geocities.jp,false
591,Kimberly Kim,kkimge@tumblr.com,true
592,Henry Wood,hwoodgf@accuweather.com,false
593,Antonio Montgomery,amontgomerygg@sogou.com,true
594,Jonathan Gonzalez,jgonzalezgh@rediff.com,true
595,Roy Williams,rwilliamsgi@bing.com,false
596,Laura Ruiz,lruizgj@uiuc.edu,false
597,Diana Henry,dhenrygk@mashable.com,false
598,Phyllis Richardson,prichardsongl@amazonaws.com,true
599,Linda Powell,lpowellgm@uiuc.edu,false
600,Bruce Ford,bfordgn@qq.com,true
601,Maria Morgan,mmorgango@google.it,false
602,Cheryl Holmes,cholmesgp@google.ru,true
603,Lawrence Bell,lbellgq@gravatar.com,false
604,Roger Wood,rwoodgr@youku.com,false
605,Patricia Pierce,ppiercegs@baidu.com,false
606,Jeffrey Hamilton,jhamiltongt@ycombinator.com,false
607,Jonathan Stone,jstonegu@google.pl,false
608,Karen George,kgeorgegv@marriott.com,false
609,Robert Gray,rgraygw@oaic.gov.au,true
610,Harry Gonzales,hgonzalesgx@xing.com,true
611,Andrea Torres,atorresgy@vistaprint.com,false
612,Christine Perry,cperrygz@jalbum.net,false
613,Earl Morris,emorrish0@hhs.gov,true
614,Joseph Rice,jriceh1@indiatimes.com,false
615,Christine Cunningham,ccunninghamh2@theguardian.com,true
616,Andrea Mason,amasonh3@smh.com.au,false
617,Victor Ruiz,vruizh4@psu.edu,true
618,George Hicks,ghicksh5@cornell.edu,true
619,Phillip Welch,pwelchh6@soundcloud.com,true
620,Louise Oliver,loliverh7@google.ca,true
621,Betty Scott,bscotth8@whitehouse.gov,false
622,Craig Ward,cwardh9@washingtonpost.com,true
623,Heather Ramirez,hramirezha@tiny.cc,false
624,Jack Porter,jporterhb@rediff.com,false
625,Kathleen Carroll,kcarrollhc@senate.gov,true
626,Roger Peterson,rpetersonhd@wikia.com,false
627,Michael Stephens,mstephenshe@acquirethisname.com,false
628,Earl Evans,eevanshf@163.com,true
629,Stephanie Ortiz,sortizhg@utexas.edu,false
630,Kathy Green,kgreenhh@wikia.com,true
631,Jessica Cunningham,jcunninghamhi@timesonline.co.uk,true
632,William Armstrong,warmstronghj@comsenz.com,false
633,Virginia Gardner,vgardnerhk@google.com.br,false
634,Timothy Young,tyounghl@cnbc.com,true
635,Jose Pierce,jpiercehm@rediff.com,true
636,Bonnie Moore,bmoorehn@loc.gov,false
637,Paula Garrett,pgarrettho@php.net,false
638,Harold White,hwhitehp@blogger.com,true
639,Julie Porter,jporterhq@bing.com,false
640,Marilyn Kennedy,mkennedyhr@networkadvertising.org,true
641,Timothy Marshall,tmarshallhs@noaa.gov,true
642,Teresa Hall,thallht@sbwire.com,false
643,Patricia Reyes,preyeshu@alibaba.com,true
644,George Porter,gporterhv@latimes.com,true
645,Patrick Lewis,plewishw@google.de,true
646,Bruce Lynch,blynchhx@msu.edu,false
647,Sara Cole,scolehy@hp.com,false
648,Deborah Ward,dwardhz@nature.com,true
649,Walter Gardner,wgardneri0@a8.net,true
650,Carlos Grant,cgranti1@ebay.com,true
651,Steven Fernandez,sfernandezi2@washington.edu,false
652,Jerry Meyer,jmeyeri3@cbc.ca,true
653,Helen Riley,hrileyi4@yelp.com,false
654,Louis Schmidt,lschmidti5@icio.us,true
655,Anna Cook,acooki6@dagondesign.com,true
656,Christine Mason,cmasoni7@facebook.com,true
657,Edward Lane,elanei8@1688.com,false
658,Irene Mills,imillsi9@wordpress.org,true
659,Angela Powell,apowellia@1und1.de,false
660,Keith Hanson,khansonib@jiathis.com,true
661,Pamela Graham,pgrahamic@themeforest.net,false
662,Anna Shaw,ashawid@goodreads.com,false
663,Paula Hayes,phayesie@slideshare.net,true
664,Martha Hayes,mhayesif@bloglines.com,false
665,Pamela Burns,pburnsig@tripadvisor.com,true
666,Juan Moore,jmooreih@mtv.com,false
667,Anne Robertson,arobertsonii@wordpress.com,false
668,Gregory Perry,gperryij@cmu.edu,false
669,Roger Gonzales,rgonzalesik@amazon.co.uk,false
670,Christopher Young,cyoungil@1und1.de,false
671,Joyce Nelson,jnelsonim@shutterfly.com,true
672,Johnny Anderson,jandersonin@hhs.gov,false
673,Louise Pierce,lpierceio@yolasite.com,false
674,Nicholas Rivera,nriveraip@spotify.com,true
675,Sharon Hunter,shunteriq@w3.org,false
676,Gerald Matthews,gmatthewsir@theatlantic.com,true
677,Heather Butler,hbutleris@amazon.co.uk,true
678,Joe Howell,jhowellit@gnu.org,false
679,Howard Hawkins,hhawkinsiu@mlb.com,true
680,Patricia Wheeler,pwheeleriv@prlog.org,true
681,Craig Castillo,ccastilloiw@europa.eu,true
682,Deborah Carroll,dcarrollix@fda.gov,true
683,Joan Schmidt,jschmidtiy@salon.com,false
684,Tammy Riley,trileyiz@flickr.com,false
685,Diana West,dwestj0@mysql.com,true
686,Stephanie Olson,solsonj1@w3.org,true
687,Raymond Grant,rgrantj2@nps.gov,true
688,Stephanie Burke,sburkej3@zdnet.com,false
689,Timothy Morris,tmorrisj4@aol.com,true
690,Kathy Reed,kreedj5@quantcast.com,true
691,Daniel Hall,dhallj6@uiuc.edu,true
692,Kevin Jenkins,kjenkinsj7@gmpg.org,false
693,Julie Murray,jmurrayj8@facebook.com,false
694,Bobby Garza,bgarzaj9@indiatimes.com,false
695,Matthew Hunt,mhuntja@rakuten.co.jp,true
696,Joseph Stanley,jstanleyjb@cdc.gov,false
697,Lois Fox,lfoxjc@sfgate.com,false
698,Johnny Matthews,jmatthewsjd@usnews.com,false
699,Jesse Howell,jhowellje@geocities.jp,true
700,Ryan Carr,rcarrjf@sbwire.com,true
701,Janet Johnston,jjohnstonjg@xing.com,true
702,Billy Fisher,bfisherjh@japanpost.jp,false
703,Theresa Wells,twellsji@bing.com,false
704,Sarah Snyder,ssnyderjj@vistaprint.com,false
705,Katherine Ramos,kramosjk@china.com.cn,true
706,Joan Miller,jmillerjl@istockphoto.com,false
707,Ruth Lopez,rlopezjm@harvard.edu,false
708,Sara Fisher,sfisherjn@japanpost.jp,true
709,Randy Fields,rfieldsjo@usgs.gov,true
710,Scott Lawson,slawsonjp@joomla.org,true
711,Benjamin Watson,bwatsonjq@thetimes.co.uk,true
712,Benjamin Bryant,bbryantjr@blogger.com,false
713,Carl Murray,cmurrayjs@adobe.com,false
714,Jack Diaz,jdiazjt@youku.com,true
715,Jacqueline James,jjamesju@twitter.com,false
716,Craig Robinson,crobinsonjv@yahoo.com,true
717,George Garza,ggarzajw@census.gov,true
718,Louis Wilson,lwilsonjx@unicef.org,false
719,Walter Price,wpricejy@typepad.com,true
720,George Porter,gporterjz@typepad.com,false
721,Marilyn Nguyen,mnguyenk0@eepurl.com,true
722,Pamela Carter,pcarterk1@redcross.org,true
723,Lillian Rodriguez,lrodriguezk2@webnode.com,false
724,Jean Rivera,jriverak3@fastcompany.com,false
725,Sandra Boyd,sboydk4@mozilla.org,false
726,Louise Crawford,lcrawfordk5@soup.io,true
727,Johnny Hicks,jhicksk6@engadget.com,true
728,Dorothy Edwards,dedwardsk7@networksolutions.com,false
729,Antonio West,awestk8@tamu.edu,true
730,Gloria Ryan,gryank9@fc2.com,false
731,Tina Wells,twellska@g.co,true
732,Ann Oliver,aoliverkb@stumbleupon.com,true
733,Patricia Weaver,pweaverkc@wikipedia.org,true
734,Rose Ray,rraykd@illinois.edu,true
735,Roy Bowman,rbowmanke@google.ru,true
736,Antonio Young,ayoungkf@wired.com,false
737,Kathleen Wallace,kwallacekg@deliciousdays.com,true
738,Adam Rodriguez,arodriguezkh@huffingtonpost.com,true
739,Brandon Gordon,bgordonki@blinklist.com,true
740,Rebecca Warren,rwarrenkj@cpanel.net,true
741,Anne Smith,asmithkk@instagram.com,true
742,Cynthia Gonzales,cgonzaleskl@g.co,false
743,Nancy Rogers,nrogerskm@uol.com.br,false
744,Brian Morris,bmorriskn@blog.com,true
745,Kenneth Montgomery,kmontgomeryko@house.gov,false
746,Kelly Powell,kpowellkp@yelp.com,true
747,Randy Armstrong,rarmstrongkq@rakuten.co.jp,false
748,Richard Ramirez,rramirezkr@ibm.com,false
749,Scott Gibson,sgibsonks@wisc.edu,true
750,Amanda Chapman,achapmankt@naver.com,true
751,Eric Little,elittleku@tumblr.com,true
752,Ann Thompson,athompsonkv@cargocollective.com,true
753,Louis Anderson,landersonkw@mail.ru,false
754,Christine Price,cpricekx@cbslocal.com,true
755,Gary Daniels,gdanielsky@jiathis.com,true
756,Gloria Oliver,goliverkz@theglobeandmail.com,false
757,Joe Russell,jrusselll0@ft.com,true
758,Sara Armstrong,sarmstrongl1@tamu.edu,true
759,Angela Campbell,acampbelll2@unc.edu,false
760,Scott George,sgeorgel3@privacy.gov.au,false
761,Gregory Rodriguez,grodriguezl4@globo.com,false
762,Jonathan Arnold,jarnoldl5@mediafire.com,false
763,Philip Gray,pgrayl6@mysql.com,false
764,Shirley Simmons,ssimmonsl7@zimbio.com,false
765,Debra Alvarez,dalvarezl8@auda.org.au,true
766,Raymond Spencer,rspencerl9@shareasale.com,true
767,Mary Howell,mhowellla@chronoengine.com,true
768,Joe Woods,jwoodslb@meetup.com,false
769,Deborah Murphy,dmurphylc@tumblr.com,true
770,Anne Ward,awardld@loc.gov,true
771,Timothy Martin,tmartinle@sourceforge.net,true
772,Phillip Warren,pwarrenlf@free.fr,false
773,Linda Hawkins,lhawkinslg@woothemes.com,false
774,Deborah Mendoza,dmendozalh@github.com,true
775,Cynthia Hansen,chansenli@cbc.ca,false
776,Elizabeth Carr,ecarrlj@myspace.com,true
777,Paula Knight,pknightlk@virginia.edu,true
778,Arthur Reed,areedll@ow.ly,true
779,Joseph Holmes,jholmeslm@dion.ne.jp,false
780,Peter Bailey,pbaileyln@engadget.com,false
781,Richard Oliver,roliverlo@ebay.com,false
782,Frank Duncan,fduncanlp@army.mil,true
783,Christopher Edwards,cedwardslq@mlb.com,false
784,Henry Kelly,hkellylr@marriott.com,true
785,Julie Garza,jgarzals@mysql.com,true
786,Richard Gomez,rgomezlt@uiuc.edu,true
787,Tammy Lopez,tlopezlu@bbc.co.uk,true
788,Howard Simpson,hsimpsonlv@blinklist.com,false
789,Charles Thomas,cthomaslw@dyndns.org,false
790,Gregory Gonzales,ggonzaleslx@qq.com,false
791,Edward Palmer,epalmerly@woothemes.com,false
792,Bonnie Diaz,bdiazlz@ycombinator.com,false
793,Irene Lewis,ilewism0@latimes.com,false
794,Richard Reid,rreidm1@youku.com,false
795,Amy Parker,aparkerm2@weibo.com,true
796,Anna Little,alittlem3@ibm.com,true
797,Bruce James,bjamesm4@free.fr,false
798,Tina Stewart,tstewartm5@netvibes.com,false
799,Martin Ryan,mryanm6@eepurl.com,true
800,Alice Adams,aadamsm7@economist.com,true
801,Linda Nichols,lnicholsm8@elegantthemes.com,true
802,Patricia Washington,pwashingtonm9@macromedia.com,false
803,Kevin White,kwhitema@ow.ly,false
804,Katherine Patterson,kpattersonmb@cafepress.com,true
805,Julie Henderson,jhendersonmc@qq.com,false
806,Steve Shaw,sshawmd@huffingtonpost.com,true
807,Henry Cole,hcoleme@macromedia.com,true
808,Martin Butler,mbutlermf@wikimedia.org,true
809,Teresa King,tkingmg@salon.com,false
810,Scott Thompson,sthompsonmh@stanford.edu,false
811,Justin Moreno,jmorenomi@theatlantic.com,true
812,Frank Kim,fkimmj@paginegialle.it,false
813,Sarah Ellis,sellismk@sitemeter.com,false
814,Carl Sanders,csandersml@redcross.org,false
815,Catherine Armstrong,carmstrongmm@nbcnews.com,true
816,Christine Gonzalez,cgonzalezmn@newsvine.com,false
817,Christina Gibson,cgibsonmo@sbwire.com,true
818,Charles Chavez,cchavezmp@merriam-webster.com,false
819,Donald Hunt,dhuntmq@people.com.cn,true
820,Alice Owens,aowensmr@flickr.com,true
821,Jennifer Collins,jcollinsms@dot.gov,true
822,Jack Turner,jturnermt@bing.com,false
823,Rebecca Perry,rperrymu@pen.io,false
824,Arthur Allen,aallenmv@angelfire.com,false
825,Brandon Riley,brileymw@jimdo.com,false
826,Brenda Wood,bwoodmx@edublogs.org,true
827,Alan Henry,ahenrymy@comcast.net,true
828,Sean Lewis,slewismz@dion.ne.jp,false
829,Joyce Long,jlongn0@g.co,false
830,Heather Lopez,hlopezn1@ed.gov,true
831,Chris Mccoy,cmccoyn2@economist.com,false
832,Jack Gardner,jgardnern3@eventbrite.com,false
833,Lillian Johnson,ljohnsonn4@wikimedia.org,true
834,Philip Hill,philln5@redcross.org,true
835,Steven Mitchell,smitchelln6@latimes.com,false
836,Robert Collins,rcollinsn7@forbes.com,false
837,Shirley Crawford,scrawfordn8@engadget.com,false
838,Joan Bowman,jbowmann9@twitter.com,false
839,Rachel Martinez,rmartinezna@1und1.de,true
840,Dorothy Cunningham,dcunninghamnb@sitemeter.com,true
841,Jennifer Stevens,jstevensnc@w3.org,true
842,Carolyn Richardson,crichardsonnd@devhub.com,true
843,Thomas George,tgeorgene@samsung.com,true
844,Donna Kim,dkimnf@hubpages.com,true
845,Elizabeth Hudson,ehudsonng@java.com,false
846,Jimmy Brooks,jbrooksnh@usgs.gov,false
847,Marie Williamson,mwilliamsonni@1688.com,true
848,Rebecca Wallace,rwallacenj@washington.edu,false
849,Jesse George,jgeorgenk@mapquest.com,true
850,James George,jgeorgenl@topsy.com,false
851,Kathy Henry,khenrynm@utexas.edu,false
852,Juan Harvey,jharveynn@biblegateway.com,true
853,Irene Sanders,isandersno@instagram.com,true
854,Phillip Johnston,pjohnstonnp@earthlink.net,false
855,Raymond Garrett,rgarrettnq@google.ca,true
856,Michael Mendoza,mmendozanr@digg.com,true
857,George Jenkins,gjenkinsns@xing.com,false
858,Bruce Murphy,bmurphynt@cbc.ca,false
859,Joshua Wheeler,jwheelernu@shop-pro.jp,false
860,Timothy Barnes,tbarnesnv@woothemes.com,false
861,Tina Clark,tclarknw@narod.ru,true
862,Jacqueline Rivera,jriveranx@sina.com.cn,true
863,Karen Alvarez,kalvarezny@vistaprint.com,false
864,Diana Watkins,dwatkinsnz@yandex.ru,false
865,Charles Harper,charpero0@paypal.com,false
866,Elizabeth Adams,eadamso1@ihg.com,false
867,Jeremy Tucker,jtuckero2@sourceforge.net,false
868,Elizabeth Gordon,egordono3@google.pl,true
869,Doris Powell,dpowello4@seattletimes.com,false
870,Daniel Ramos,dramoso5@ft.com,false
871,Amanda Hernandez,ahernandezo6@photobucket.com,false
872,Kathy Rivera,kriverao7@bluehost.com,false
873,Sarah Ramirez,sramirezo8@boston.com,true
874,Gregory Fowler,gfowlero9@time.com,true
875,Pamela Welch,pwelchoa@gravatar.com,false
876,Jeffrey Garza,jgarzaob@vimeo.com,false
877,Martin Cox,mcoxoc@nih.gov,true
878,Julia Little,jlittleod@seesaa.net,true
879,Tammy Reyes,treyesoe@fema.gov,false
880,Sara Ramirez,sramirezof@opera.com,true
881,Russell Medina,rmedinaog@bbc.co.uk,false
882,Ronald Thomas,rthomasoh@ebay.co.uk,false
883,Ronald Webb,rwebboi@canalblog.com,true
884,Jeffrey Foster,jfosteroj@gnu.org,false
885,Maria Medina,mmedinaok@etsy.com,false
886,Cynthia Cooper,ccooperol@com.com,true
887,Barbara Lynch,blynchom@oakley.com,false
888,Edward Armstrong,earmstrongon@reference.com,true
889,Debra Fox,dfoxoo@tripadvisor.com,true
890,Walter White,wwhiteop@statcounter.com,false
891,Kelly Hicks,khicksoq@bandcamp.com,false
892,Andrea Watkins,awatkinsor@alibaba.com,false
893,Ralph Morrison,rmorrisonos@xing.com,true
894,Arthur Gilbert,agilbertot@rediff.com,true
895,Evelyn Black,eblackou@thetimes.co.uk,false
896,Lois Hunter,lhunterov@who.int,false
897,Joshua Nichols,jnicholsow@drupal.org,false
898,Jennifer Marshall,jmarshallox@rambler.ru,false
899,Steve Reid,sreidoy@deliciousdays.com,false
900,Martin Ferguson,mfergusonoz@state.gov,true
901,Mary Cook,mcookp0@senate.gov,false
902,Norma Howell,nhowellp1@oaic.gov.au,true
903,Robin Romero,rromerop2@samsung.com,false
904,Sharon Woods,swoodsp3@google.cn,true
905,Carlos Alvarez,calvarezp4@acquirethisname.com,false
906,Sarah Ferguson,sfergusonp5@dailymail.co.uk,false
907,Keith Hanson,khansonp6@deviantart.com,false
908,Jason Garza,jgarzap7@youtube.com,true
909,Sarah Johnson,sjohnsonp8@bloomberg.com,true
910,Jesse Perkins,jperkinsp9@people.com.cn,false
911,Walter Nguyen,wnguyenpa@whitehouse.gov,true
912,Virginia Harper,vharperpb@indiegogo.com,true
913,Ralph Carpenter,rcarpenterpc@tuttocitta.it,true
914,Roger Perez,rperezpd@wunderground.com,true
915,James Olson,jolsonpe@cyberchimps.com,true
916,Tina Wright,twrightpf@simplemachines.org,true
917,Teresa Green,tgreenpg@tripod.com,true
918,Gregory Brown,gbrownph@ucla.edu,true
919,Sarah Wagner,swagnerpi@si.edu,true
920,Steven Roberts,srobertspj@sakura.ne.jp,true
921,Arthur Ramirez,aramirezpk@twitpic.com,true
922,Pamela Carter,pcarterpl@pen.io,true
923,Nicole Robertson,nrobertsonpm@taobao.com,false
924,Jeffrey Thomas,jthomaspn@about.me,false
925,Samuel Wilson,swilsonpo@cornell.edu,false
926,Annie Hawkins,ahawkinspp@uol.com.br,false
927,Amanda Thomas,athomaspq@amazon.co.jp,false
928,Joseph Clark,jclarkpr@oaic.gov.au,false
929,Michelle Long,mlongps@auda.org.au,true
930,Teresa Ryan,tryanpt@twitter.com,false
931,Carl Hunter,chunterpu@stumbleupon.com,true
932,Raymond Andrews,randrewspv@loc.gov,false
933,Carl Peters,cpeterspw@typepad.com,false
934,Ronald Burns,rburnspx@nifty.com,false
935,Jimmy Franklin,jfranklinpy@state.tx.us,true
936,Martin Porter,mporterpz@patch.com,false
937,Kathleen Franklin,kfranklinq0@apache.org,true
938,Donna Gonzales,dgonzalesq1@timesonline.co.uk,false
939,Jesse Lawrence,jlawrenceq2@quantcast.com,true
940,Louise Diaz,ldiazq3@twitpic.com,true
941,Kathleen Nguyen,knguyenq4@topsy.com,false
942,Jason Rice,jriceq5@bbb.org,true
943,Robert Wright,rwrightq6@nasa.gov,true
944,Gerald Jackson,gjacksonq7@devhub.com,true
945,Johnny Perez,jperezq8@hp.com,false
946,Earl Willis,ewillisq9@ibm.com,true
947,Matthew Boyd,mboydqa@vk.com,false
948,Rachel Foster,rfosterqb@google.it,true
949,Daniel Pierce,dpierceqc@nps.gov,true
950,Terry Meyer,tmeyerqd@edublogs.org,true
951,Andrew Gomez,agomezqe@fc2.com,false
952,Howard Sanchez,hsanchezqf@ca.gov,true
953,Pamela Frazier,pfrazierqg@spiegel.de,true
954,Scott Cook,scookqh@simplemachines.org,true
955,Marilyn Cole,mcoleqi@theguardian.com,true
956,Sarah Bowman,sbowmanqj@tinypic.com,true
957,Wayne Mitchell,wmitchellqk@cbsnews.com,true
958,Christopher Ray,crayql@cpanel.net,true
959,Irene Hansen,ihansenqm@about.me,false
960,Jane Ferguson,jfergusonqn@nps.gov,true
961,Louis Flores,lfloresqo@wordpress.org,false
962,Eugene Foster,efosterqp@people.com.cn,false
963,Thomas Dean,tdeanqq@altervista.org,false
964,Randy Morris,rmorrisqr@photobucket.com,true
965,John Vasquez,jvasquezqs@springer.com,false
966,Frances Hill,fhillqt@mozilla.com,true
967,Karen Washington,kwashingtonqu@yellowpages.com,true
968,Annie Williamson,awilliamsonqv@newsvine.com,true
969,Scott Bowman,sbowmanqw@un.org,true
970,Carol Hunter,chunterqx@bbb.org,true
971,Frank Kelley,fkelleyqy@diigo.com,true
972,Diana Ramos,dramosqz@sun.com,false
973,Paula Ford,pfordr0@trellian.com,false
974,Janet Hunter,jhunterr1@thetimes.co.uk,true
975,Jane Gutierrez,jgutierrezr2@cdbaby.com,false
976,Douglas Hudson,dhudsonr3@sakura.ne.jp,false
977,Heather Rivera,hriverar4@wikipedia.org,false
978,Brian Hawkins,bhawkinsr5@sourceforge.net,true
979,Jason Boyd,jboydr6@ovh.net,true
980,Jason Dean,jdeanr7@alexa.com,false
981,Kathy Hart,khartr8@usnews.com,true
982,Doris Snyder,dsnyderr9@cbc.ca,false
983,Melissa Black,mblackra@yandex.ru,true
984,Teresa Alexander,talexanderrb@state.gov,false
985,Heather Vasquez,hvasquezrc@google.es,true
986,Barbara Henry,bhenryrd@gizmodo.com,true
987,Harry Greene,hgreenere@unc.edu,true
988,Sharon Perkins,sperkinsrf@bluehost.com,true
989,Michelle Hunt,mhuntrg@google.es,false
990,Louis Bennett,lbennettrh@chron.com,false
991,Catherine Hayes,chayesri@soundcloud.com,true
992,Stephanie Barnes,sbarnesrj@ebay.com,false
993,Jane Young,jyoungrk@issuu.com,true
994,Paul Perez,pperezrl@census.gov,true
995,Emily Walker,ewalkerrm@sourceforge.net,true
996,Melissa Henderson,mhendersonrn@weibo.com,true
997,Tammy Gutierrez,tgutierrezro@omniture.com,false
998,Donald Matthews,dmatthewsrp@youku.com,false
999,Emily White,ewhiterq@theatlantic.com,true
1000,Ruby Mccoy,rmccoyrr@ft.com,true